Year,Month,Day,Time,Name,Attendance2021,06,02,01:55:32,MS Dhoni,Present
2021,06,02,01:55:33,MS Dhoni,Present
2021,06,02,01:55:34,MS Dhoni,Present
2021,06,02,01:55:35,MS Dhoni,Present
2021,06,11,00:15:38,Elon Musk,Present
2021,06,11,00:15:50,Elon Musk,Present
2021,06,11,00:15:51,Elon Musk,Present
2021,06,11,00:15:52,Elon Musk,Present
2021,06,11,00:15:53,Elon Musk,Present
2021,06,11,00:15:54,Elon Musk,Present
2021,06,11,00:15:55,Elon Musk,Present
2021,06,11,00:15:56,Elon Musk,Present
2021,06,11,00:15:57,Elon Musk,Present
2021,06,11,00:15:58,Elon Musk,Present
2021,06,11,00:15:59,Elon Musk,Present
2021,06,11,00:16:00,Elon Musk,Present
2021,06,11,00:16:01,Elon Musk,Present
2021,06,11,00:16:02,Elon Musk,Present
2021,06,11,00:16:16,Elon Musk,Present
2021,06,11,00:16:17,Elon Musk,Present
2021,06,11,00:16:18,Elon Musk,Present
2021,06,11,00:16:19,Elon Musk,Present
2021,06,11,00:16:20,Elon Musk,Present
2021,06,11,00:16:27,Elon Musk,Present
2021,06,11,00:16:28,Elon Musk,Present
2021,06,11,00:16:29,Elon Musk,Present
2021,06,11,00:16:30,Elon Musk,Present
2021,06,11,00:16:31,Elon Musk,Present
2021,06,11,00:16:34,Elon Musk,Present
2021,06,11,00:16:35,Elon Musk,Present
2021,06,11,00:16:44,Elon Musk,Present
2021,06,11,00:16:47,Elon Musk,Present
2021,06,11,00:17:07,Elon Musk,Present
2021,06,11,00:17:08,Elon Musk,Present
2021,06,11,00:17:09,Elon Musk,Present
2021,06,11,00:17:10,Elon Musk,Present
2021,06,11,00:17:11,Elon Musk,Present
2021,06,11,00:17:12,Elon Musk,Present
2021,06,11,00:17:13,Elon Musk,Present
2021,06,11,00:17:14,Elon Musk,Present
2021,06,11,00:17:15,Elon Musk,Present
2021,06,11,00:17:16,Elon Musk,Present
2021,06,11,00:17:17,Elon Musk,Present
2021,06,11,00:17:18,Elon Musk,Present
2021,06,11,00:17:20,Elon Musk,Present
2021,06,11,00:17:35,Elon Musk,Present
2021,06,11,00:17:36,Elon Musk,Present
2021,06,11,00:17:38,Elon Musk,Present
2021,06,11,00:17:39,Elon Musk,Present
2021,06,11,00:17:49,Elon Musk,Present
2021,06,11,00:17:50,Elon Musk,Present
2021,06,11,00:17:51,Elon Musk,Present
2021,06,11,00:17:52,Elon Musk,Present
2021,06,11,00:17:53,Elon Musk,Present
2021,06,11,00:17:54,Elon Musk,Present
2021,06,11,00:17:56,Elon Musk,Present
2021,06,11,00:17:57,Elon Musk,Present
2021,06,11,00:17:58,Elon Musk,Present
2021,06,11,00:17:59,Elon Musk,Present
2021,06,11,00:18:00,Elon Musk,Present
2021,06,11,00:18:01,Elon Musk,Present
2021,06,11,00:18:02,Elon Musk,Present
2021,06,11,00:18:03,Elon Musk,Present
2021,06,11,00:18:05,Elon Musk,Present
2021,06,11,00:18:06,Elon Musk,Present
2021,06,11,00:18:07,Elon Musk,Present
2021,06,11,00:18:09,Elon Musk,Present
2021,06,11,00:18:10,Elon Musk,Present
2021,06,11,00:18:11,Elon Musk,Present
2021,06,11,00:18:12,Elon Musk,Present
2021,06,11,00:21:32,Sharukh Khan,Present
2021,06,11,00:21:35,Sharukh Khan,Present
2021,06,11,00:21:36,Sharukh Khan,Present
2021,06,11,00:21:47,Sharukh Khan,Present
2021,06,11,00:21:48,Sharukh Khan,Present
2021,06,11,00:21:49,Sharukh Khan,Present
2021,06,11,00:21:50,Sharukh Khan,Present
2021,06,11,00:21:51,Sharukh Khan,Present
2021,06,11,00:21:52,Sharukh Khan,Present
2021,06,11,00:21:53,Sharukh Khan,Present
2021,06,11,00:21:54,Sharukh Khan,Present
2021,06,11,00:21:55,Sharukh Khan,Present
2021,06,11,00:21:56,Sharukh Khan,Present
2021,06,11,00:21:57,Sharukh Khan,Present
2021,06,11,00:21:58,Sharukh Khan,Present
2021,06,11,00:21:59,Sharukh Khan,Present
2021,06,11,00:22:01,Sharukh Khan,Present
2021,06,11,00:22:02,Sharukh Khan,Present
2021,06,11,00:22:03,Sharukh Khan,Present
2021,06,11,00:22:05,Sharukh Khan,Present
2021,06,11,00:22:07,Sharukh Khan,Present
2021,06,11,00:22:08,Sharukh Khan,Present
2021,06,11,00:22:10,Sharukh Khan,Present
2022,01,03,13:10:07,Sharukh Khan,Present
2022,01,03,13:10:08,Sharukh Khan,Present
2022,01,03,13:10:13,Sharukh Khan,Present
2022,01,03,13:10:16,Sharukh Khan,Present
2022,01,03,13:10:17,Sharukh Khan,Present
2022,01,04,01:45:23,Sharukh Khan,Present
